id,name,model_id:id,group_id:id,perm_read,perm_write,perm_create,perm_unlink
access_product_product_account_user,product.product.account.user,product.model_product_product,group_account_user,1,0,0,0
access_product_product_account_manager,product.product.account.manager,product.model_product_product,account.group_account_manager,1,1,1,1
access_product_template_account_manager,product.template.account.manager,product.model_product_template,account.group_account_manager,1,1,1,1
access_product_price_history_account_manager,product.price.history.account.manager,product.model_product_price_history,account.group_account_manager,1,1,1,1
access_account_payment_term,account.payment.term,model_account_payment_term,account.group_account_user,1,0,0,0
access_account_payment_term_line,account.payment.term.line,model_account_payment_term_line,account.group_account_user,1,0,0,0
access_account_account_type_manager,account.account.type,model_account_account_type,account.group_account_manager,1,1,1,1
access_account_account_type,account.account.type,model_account_account_type,account.group_account_user,1,0,0,0
access_account_tax_internal_user,account.tax internal user,model_account_tax,base.group_user,1,0,0,0
access_account_account_manager,account.account,model_account_account,account.group_account_manager,1,1,1,1
access_account_account,account.account,model_account_account,account.group_account_user,1,0,0,0
access_account_account_user,account.account user,model_account_account,base.group_user,1,0,0,0
access_account_account_partner_manager,account.account partner manager,model_account_account,base.group_partner_manager,1,0,0,0
access_account_group_manager,account.group,model_account_group,account.group_account_manager,1,1,1,1
access_account_group,account.group,model_account_group,account.group_account_user,1,0,0,0
access_account_tax,account.tax,model_account_tax,account.group_account_invoice,1,0,0,0
access_account_account_template,account.account.template,model_account_account_template,account.group_account_manager,1,1,1,1
access_account_chart_template,account.chart.template,model_account_chart_template,account.group_account_manager,1,1,1,1
access_account_tax_template,account.tax.template,model_account_tax_template,account.group_account_manager,1,1,1,1
access_account_bank_statement_group_invoice,account.bank.statement.group.invoice,model_account_bank_statement,account.group_account_invoice,1,0,0,0
access_account_bank_statement_line_group_invoice,account.bank.statement.line.group.invoice,model_account_bank_statement_line,account.group_account_invoice,1,0,0,0
access_account_bank_statement,account.bank.statement,model_account_bank_statement,account.group_account_user,1,1,1,1
access_account_bank_statement_line,account.bank.statement.line,model_account_bank_statement_line,account.group_account_user,1,1,1,1
access_account_analytic_line_manager,account.analytic.line manager,model_account_analytic_line,account.group_account_manager,1,0,0,0
access_account_analytic_account,account.analytic.account,analytic.model_account_analytic_account,base.group_user,1,0,0,0
access_account_invoice_uinvoice,account.invoice,model_account_invoice,account.group_account_invoice,1,1,1,1
access_account_invoice_line_uinvoice,account.invoice.line,model_account_invoice_line,account.group_account_invoice,1,1,1,1
access_account_invoice_tax_uinvoice,account.invoice.tax,model_account_invoice_tax,account.group_account_invoice,1,1,1,1
access_account_move_uinvoice,account.move,model_account_move,account.group_account_invoice,1,1,1,1
access_account_move_line_uinvoice,account.move.line invoice,model_account_move_line,account.group_account_invoice,1,1,1,1
access_account_payment_term_manager,account.payment.term,model_account_payment_term,account.group_account_manager,1,1,1,1
access_account_payment_term_line_manager,account.payment.term.line,model_account_payment_term_line,account.group_account_manager,1,1,1,1
access_account_cash_rounding_uinvoice,account.cash.rounding,model_account_cash_rounding,account.group_account_invoice,1,1,1,1
access_account_tax_manager,account.tax,model_account_tax,account.group_account_manager,1,1,1,1
access_account_journal_manager,account.journal,model_account_journal,account.group_account_manager,1,1,1,1
access_account_journal_user,account.journal,model_account_journal,account.group_account_user,1,0,0,0
access_account_journal_invoice,account.journal invoice,model_account_journal,account.group_account_invoice,1,0,0,0
access_account_invoice_group_invoice,account.invoice group invoice,model_account_invoice,account.group_account_invoice,1,1,1,1
access_res_currency_account_manager,res.currency account manager,base.model_res_currency,group_account_manager,1,1,1,1
access_res_currency_rate_account_manager,res.currency.rate account manager,base.model_res_currency_rate,group_account_manager,1,1,1,1
access_account_invoice_user,account.invoice user,model_account_invoice,base.group_user,1,0,0,0
access_account_invoice_user,account.invoice.line user,model_account_invoice_line,base.group_user,1,0,0,0
access_account_invoice_portal,account.invoice.portal,account.model_account_invoice,base.group_portal,1,0,0,0
access_account_invoice_line_portal,account.invoice.line.portal,account.model_account_invoice_line,base.group_portal,1,0,0,0
access_account_payment_term_partner_manager,account.payment.term partner manager,model_account_payment_term,base.group_user,1,0,0,0
access_account_payment_term_line_partner_manager,account.payment.term.line partner manager,model_account_payment_term_line,base.group_user,1,0,0,0
access_account_fiscal_position_product_manager,account.fiscal.position account.manager,model_account_fiscal_position,account.group_account_manager,1,1,1,1
access_account_fiscal_position_tax_product_manager,account.fiscal.position.tax account.manager,model_account_fiscal_position_tax,account.group_account_manager,1,1,1,1
access_account_fiscal_position_account_product_manager,account.fiscal.position account.manager,model_account_fiscal_position_account,account.group_account_manager,1,1,1,1
access_account_fiscal_position,account.fiscal.position all,model_account_fiscal_position,base.group_user,1,0,0,0
access_account_fiscal_position_tax,account.fiscal.position.tax all,model_account_fiscal_position_tax,base.group_user,1,0,0,0
access_account_fiscal_position_account,account.fiscal.position all,model_account_fiscal_position_account,base.group_user,1,0,0,0
access_account_fiscal_position_template,account.fiscal.position.template,model_account_fiscal_position_template,account.group_account_manager,1,1,1,1
access_account_fiscal_position_tax_template,account.fiscal.position.tax.template,model_account_fiscal_position_tax_template,account.group_account_manager,1,1,1,1
access_account_fiscal_position_account_template,account.fiscal.position.account.template,model_account_fiscal_position_account_template,account.group_account_manager,1,1,1,1
access_account_invoice_report_user,account.invoice.report_user,model_account_invoice_report,account.group_account_user,1,0,0,0
access_account_invoice_report,account.invoice.report,model_account_invoice_report,account.group_account_manager,1,1,1,1
access_account_invoice_report_billing,account.invoice.report_billing,model_account_invoice_report,account.group_account_invoice,1,0,0,0
access_res_partner_group_account_manager,res_partner group_account_manager,model_res_partner,account.group_account_manager,1,0,0,0
access_account_invoice_accountant,account.invoice accountant,model_account_invoice,account.group_account_user,1,0,0,0
access_account_move_line_manager,account.move.line manager,model_account_move_line,account.group_account_manager,1,0,0,0
access_account_move_manager,account.move manager,model_account_move,account.group_account_manager,1,0,0,0
access_account_invoice_tax_accountant,account.invoice.tax accountant,model_account_invoice_tax,account.group_account_user,1,0,0,0
access_account_analytic_line_invoice,account.analytic.line invoice,model_account_analytic_line,account.group_account_invoice,1,1,1,1
access_account_invoice_line_accountant,account.invoice.line accountant,model_account_invoice_line,account.group_account_user,1,0,0,0
access_account_account_invoice,account.account invoice,model_account_account,account.group_account_invoice,1,0,0,0
access_account_analytic_accountant,account.analytic.account accountant,analytic.model_account_analytic_account,account.group_account_user,1,1,1,1
access_account_account_type_invoice,account.account.type invoice,model_account_account_type,account.group_account_invoice,1,0,0,0
access_account_financial_report,account.financial.report,model_account_financial_report,account.group_account_user,1,1,1,1
access_account_financial_report_invoice,account.financial.report invoice,model_account_financial_report,account.group_account_invoice,1,0,0,0
access_account_account_tax,account.account.tag,model_account_account_tag,account.group_account_user,1,0,0,0
access_account_account_tax_user,account.account.tag,model_account_account_tag,account.group_account_invoice,1,0,0,0
access_account_reconcile_model,account.reconcile.model,model_account_reconcile_model,account.group_account_user,1,1,1,1
access_account_reconcile_model_template,account.reconcile.model.template,model_account_reconcile_model_template,account.group_account_user,1,1,1,1
access_account_partial_reconcile_group_invoice,account.partial.reconcile.group.invoice,model_account_partial_reconcile,account.group_account_invoice,1,1,1,0
access_account_partial_reconcile,account.partial.reconcile,model_account_partial_reconcile,account.group_account_user,1,1,1,1
access_account_full_reconcile_group_invoice,account.full.reconcile.group.invoice,model_account_full_reconcile,account.group_account_invoice,1,1,1,0
access_account_full_reconcile,account.full.reconcile,model_account_full_reconcile,account.group_account_user,1,1,1,1
access_account_payment_method,account.payment.method,model_account_payment_method,account.group_account_invoice,1,1,1,1
access_account_payment,account.payment,model_account_payment,account.group_account_invoice,1,1,1,1
access_account_cashbox,account.bank.statement.cashbox,model_account_bank_statement_cashbox,account.group_account_user,1,1,1,1
access_account_cashbox_line,account.bank.statement.cashbox.line,model_account_cashbox_line,account.group_account_user,1,1,1,1
access_account_tax_group_internal_user,account.tax.group internal user,model_account_tax_group,base.group_user,1,0,0,0
access_account_tax_group,account.tax.group,model_account_tax_group,account.group_account_invoice,1,0,0,0
access_account_tax_group_manager,account.tax.group,model_account_tax_group,account.group_account_manager,1,1,1,1
access_account_payment_request_post,payment.request.post,model_payment_request_post,account.group_account_manager,1,1,1,1
access_account_payment_officer,payment.request,model_account_payment,account.group_account_invoice,1,1,1,0
access_account_payment_accountant,payment.request,model_account_payment,account.group_account_accountant,1,1,0,0
access_account_payment_request_confirm_approve,payment.request.confirm.approve,model_payment_request_confirm_approve,account.group_account_accountant,1,1,1,0
access_model_payment_request_group_invoice,payment.request group invoice,model_payment_request,account.group_account_invoice,1,1,1,1
access_model_bank_deposit_group_invoice,bank.deposit,model_bank_deposit,account.group_account_invoice,1,1,1,1
access_model_bank_deposit_group_accountant,bank.deposit,model_bank_deposit,account.group_account_accountant,1,1,1,1
access_cost_build_up,cost.build.up,model_cost_build_up,account.group_account_default_user,1,1,1,1
access_model_bank_deposit_approve_group_accountant,bank.deposit.approve,model_bank_deposit_approve,account.group_account_accountant,1,1,1,1
access_cost_build_up,cost.build.up,model_cost_build_up,stock.group_stock_admin,1,1,1,1
access_account_move,account.move,model_account_move,stock.group_stock_admin,1,1,1,1
access_account_move_line,account.move.line,model_account_move_line,stock.group_stock_admin,1,1,1,1
access_account_account_type_ST_admin,account.account.type,model_account_account_type,stock.group_stock_admin,1,1,1,1

