<?xml version="1.0"?>
<odoo>
    <data>
        <record id="im_livechat_channel_demo" model="im_livechat.channel">
            <field name="name">YourWebsite.com</field>
            <field name="default_message">Hello, how may I help you?</field>
        </record>

        <record id="im_livechat_channel_rule_demo" model="im_livechat.channel.rule">
            <field name="regex_url">/im_livechat/</field>
            <field name="action">auto_popup</field>
            <field name="auto_popup_timer">3</field>
            <field name="channel_id" ref="im_livechat_channel_demo" />
        </record>

        <record id="im_livechat.im_livechat_group_user" model="res.groups">
            <field name="users" eval="[(4, ref('base.user_demo'))]"/>
        </record>
    </data>
</odoo>
