id,model_name,field_name
anonymization_field_res_partner_name,res.partner,name
anonymization_field_res_partner_code,res.partner,ref
anonymization_field_res_partner_display_name,res.partner,display_name
anonymization_field_res_partner_city,res.partner,city
anonymization_field_res_partner_street,res.partner,street
anonymization_field_res_partner_street2,res.partner,street2
anonymization_field_res_partner_zip,res.partner,zip
anonymization_field_res_partner_phone,res.partner,phone
anonymization_field_res_partner_mobile,res.partner,mobile
anonymization_field_res_partner_email,res.partner,email
anonymization_field_account_invoice_amount_untaxed,account.invoice,amount_untaxed
anonymization_field_account_invoice_amount_tax,account.invoice,amount_tax
anonymization_field_account_invoice_amount_total,account.invoice,amount_total
anonymization_field_account_invoice_residual,account.invoice,residual
anonymization_field_account_invoice_line_price_unit,account.invoice.line,price_unit
anonymization_field_account_invoice_line_price_subtotal,account.invoice.line,price_subtotal
anonymization_field_account_move_line_debit,account.move.line,debit
anonymization_field_account_move_line_credit,account.move.line,credit
anonymization_field_account_move_line_amount_currency,account.move.line,amount_currency
anonymization_field_account_analytic_line_amount,account.analytic.line,amount
anonymization_field_sale_order_amount_tax,sale.order,amount_tax
anonymization_field_sale_order_amount_total,sale.order,amount_total
anonymization_field_sale_order_amount_untaxed,sale.order,amount_untaxed
anonymization_field_sale_order_line_price_unit,sale.order.line,price_unit
anonymization_field_sale_order_line_discount,sale.order.line,discount
anonymization_field_purchase_order_amount_total,purchase.order,amount_total
anonymization_field_purchase_order_amount_tax,purchase.order,amount_tax
anonymization_field_purchase_order_amount_untaxed,purchase.order,amount_untaxed
anonymization_field_purchase_order_line_price_unit,purchase.order.line,price_unit
anonymization_field_account_invoice_tax_amount,account.invoice.tax,amount
anonymization_field_product_name,product.template,name
anonymization_field_res_users_signature,res.users,signature
