id,name,model_id:id,group_id:id,perm_read,perm_write,perm_create,perm_unlink
access_ir_model_fields_anonymization_group_system,ir_model_fields_anonymization group_user,model_ir_model_fields_anonymization,base.group_system,1,1,1,1
access_ir_model_fields_anonymization_user,ir_model_fields_anonymization user,model_ir_model_fields_anonymization,,1,0,0,0
access_ir_model_fields_anonymization_history_group_system,ir_model_fields_anonymization_history group_user,model_ir_model_fields_anonymization_history,base.group_system,1,1,1,1
access_ir_model_fields_anonymization_history_user,ir_model_fields_anonymization_history user,model_ir_model_fields_anonymization_history,,1,0,0,0
access_ir_model_fields_anonymization_migration_fix,access_ir_model_fields_anonymization_migration_fix,model_ir_model_fields_anonymization_migration_fix,,1,1,1,1
