id,name,model_id:id,group_id:id,perm_read,perm_write,perm_create,perm_unlink
access_account_analytic_default,account.analytic.default,model_account_analytic_default,account.group_account_user,1,0,0,0
access_account_analytic_default_analytic,account.analytic.default analytic,model_account_analytic_default,analytic.group_analytic_accounting,1,0,0,0
access_account_analytic_default_invoice,account.analytic.default invoice,model_account_analytic_default,account.group_account_invoice,1,1,1,1
access_account_analytic_default_salesman,account.analytic.default.salesman,model_account_analytic_default,sales_team.group_sale_salesman,1,1,1,1
