<?xml version="1.0" encoding="utf-8"?>
<odoo>
    <data noupdate="1">

        <record id="account_payment_method_inbound_debit_card" model="account.payment.method">
            <field name="name">Debit Card</field>
            <field name="code">inbound_debit_card</field>
            <field name="payment_type">inbound</field>
        </record>

        <record id="account_payment_method_outbound_debit_card" model="account.payment.method">
            <field name="name">Debit Card</field>
            <field name="code">outbound_debit_card</field>
            <field name="payment_type">outbound</field>
        </record>

        <record id="account_payment_method_inbound_credit_card" model="account.payment.method">
            <field name="name">Credit Card</field>
            <field name="code">inbound_credit_card</field>
            <field name="payment_type">inbound</field>
        </record>

        <record id="account_payment_method_outbound_credit_card" model="account.payment.method">
            <field name="name">Credit Card</field>
            <field name="code">outbound_credit_card</field>
            <field name="payment_type">outbound</field>
        </record>

        <record id="account_payment_method_outbound_online" model="account.payment.method">
            <field name="name">Online</field>
            <field name="code">outbound_online</field>
            <field name="payment_type">outbound</field>
        </record>

        <record id="account_payment_method_inbound_online" model="account.payment.method">
            <field name="name">Online</field>
            <field name="code">inbound_online</field>
            <field name="payment_type">inbound</field>
        </record>

    </data>
</odoo>
