<?xml version="1.0" ?>
<odoo>
    <data noupdate="1">
        <record id="email_template_bank_statement" model="mail.template">
            <field name="name">Statement payment confirmation</field>
            <field name="model_id" ref="base.model_res_partner"/>
            <field name="auto_delete" eval="True"/>
            <field name="partner_to">${object.id}</field>
            <field name="subject">We confirm receipt of your payment</field>
            <field name="lang">${object.lang}</field>
            <field name="user_signature" eval="True"/>
            <!-- <field name="email_from">${(object.user_id.email or '')|safe}</field> -->
            <field name="body_html"><![CDATA[
    <div style="font-family: 'Lucica Grande', Ubuntu, Arial, Verdana, sans-serif; font-size: 12px; color: rgb(34, 34, 34); background-color: rgb(255, 255, 255); ">

    <p>Hello ${object.name},</p>

    <p>We confirm receipt of your payment for $ ${ctx.get('statement_line').amount} of the day ${ctx.get('date')} </p>
    <br/>
    <p>If you have any question, do not hesitate to contact us.</p>
    <p>Thank you for choosing ${object.company_id.name or 'us'}!</p>
    <br/>
    <div style="width: 375px; margin: 0px; padding: 0px; background-color: #8E0000; border-top-left-radius: 5px 5px; border-top-right-radius: 5px 5px; background-repeat: repeat no-repeat;">
        <h3 style="margin: 0px; padding: 2px 14px; font-size: 12px; color: #DDD;">
            <strong style="text-transform:uppercase;">${object.company_id.name}</strong></h3>
    </div>
    <div style="width: 347px; margin: 0px; padding: 5px 14px; line-height: 16px; background-color: #F2F2F2;">
        <span style="color: #222; margin-bottom: 5px; display: block; ">
        % if object.company_id.street:
            ${object.company_id.street}<br/>
        % endif
        % if object.company_id.street2:
            ${object.company_id.street2}<br/>
        % endif
        % if object.company_id.city or object.company_id.zip:
            ${object.company_id.zip} ${object.company_id.city}<br/>
        % endif
        % if object.company_id.country_id:
            ${object.company_id.state_id and ('%s, ' % object.company_id.state_id.name) or ''} ${object.company_id.country_id.name or ''}<br/>
        % endif
        </span>
        % if object.company_id.phone:
            <div style="margin-top: 0px; margin-right: 0px; margin-bottom: 0px; margin-left: 0px; padding-top: 0px; padding-right: 0px; padding-bottom: 0px; padding-left: 0px; ">
                Phone:&nbsp; ${object.company_id.phone}
            </div>
        % endif
        % if object.company_id.website:
            <div>
                Web :&nbsp;<a href="${object.company_id.website}">${object.company_id.website}</a>
            </div>
        % endif
        <p></p>
    </div>
    </div>
            ]]></field>
        </record>
    </data>
</odoo>
