<template>

    <!-- Main layout (iframe) -->
    <div t-name="report.client_action">
        <iframe class="o_report_iframe"/>
    </div>

    <!-- Buttons of the Control Panel -->
    <t t-name="report.client_action.ControlButtons">
        <div class="o_report_no_edit_mode">
            <button type="button" class="btn btn-primary btn-sm o_report_print" title="Print">Print</button>
        </div>
        <div class="o_edit_mode_available">
            <button type="button" class="btn btn-default btn-sm o_report_edit" title="Edit">Edit</button>
        </div>
        <div class="o_report_edit_mode">
            <button type="button" class="btn btn-primary btn-sm o_report_save" title="Save">Save</button>
            <button type="button" class="btn btn-default btn-sm o_report_discard" title="Discard">Discard</button>
        </div>
    </t>
</template>