id,name,model_id:id,group_id:id,perm_read,perm_write,perm_create,perm_unlink
access_hr_applicant_user,hr.applicant.user,model_hr_applicant,group_hr_recruitment_user,1,1,1,1
access_hr_recruitment_stage_user,hr.recruitment.stage.user,model_hr_recruitment_stage,group_hr_recruitment_user,1,0,0,0
access_hr_recruitment_stage_manager,hr.recruitment.stage.manager,model_hr_recruitment_stage,group_hr_recruitment_user,1,1,1,1
access_hr_recruitment_degree,hr.recruitment.degree,model_hr_recruitment_degree,group_hr_recruitment_user,1,1,1,1
access_res_partner_hr_user,res.partner.user,base.model_res_partner,group_hr_recruitment_user,1,1,1,1
access_calendar_event_hruser,calendar.event.hruser,calendar.model_calendar_event,group_hr_recruitment_user,1,1,1,1
access_hr_recruitment_source_hr_officer,hr.recruitment.source,model_hr_recruitment_source,group_hr_recruitment_user,1,1,1,1
access_hr_recruitment_source_all,hr.recruitment.source,model_hr_recruitment_source,,1,0,0,0
access_hr_applicant_category,hr.applicant_category,model_hr_applicant_category,,1,1,1,0
access_hr_applicant_category_manager,hr.applicant_category,model_hr_applicant_category,group_hr_recruitment_user,1,1,1,1
access_calendar_event_type_hr_officer,calendar.event.type.officer,calendar.model_calendar_event_type,group_hr_recruitment_user,1,1,1,0
